Hyaluronic Acid 2% + B5 Hydrating Serum with Ceramides,The Ordinary,9.90,31.50
Glycolic Acid 7% Exfoliating Toner,The Ordinary,13.00,13.00
COMPLEXION RESCUE Tinted Moisturizer with Hyaluronic Acid and Mineral SPF 30,bareMinerals,39.00,39.00
Toleriane Purifying Foaming Face Wash for Oily Skin,La Roche-Posay,14.99,19.99
Unseen Sunscreen SPF 50 Invisible Sun Protection for Face,Supergoop!,22.00,48.00
The Dewy Skin Cream Line-Plumping Moisturizer,TATCHA,72.00,89.00
Niacinamide 10% + Zinc 1% Brightening Serum,The Ordinary,6.00,19.60
Pout Preserve Hydrating Peptide Lip Treatment,OLEHENRIKSEN,22.00,22.00
Discoloration Correcting Serum,Good Molecules,12.00,25.00
Glowscreen SPF 40 Sunscreen with Hyaluronic Acid + Niacinamide,Supergoop!,38.00,38.00
Toleriane Hydrating Gentle Face Cleanser for Dry Skin,La Roche-Posay,14.99,19.99
Hyaluronic Acid Serum,Good Molecules,6.00,12.00
Self Tan Express Bronzing Mousse,St. Tropez,36.00,46.00
Slam Dunk Hydrating Moisturizer,Bubble,10.00,16.00
Hydrating Milky Toner,BYOMA,15.99,15.99
Niacinamide Brightening Toner,Good Molecules,6.00,14.00
Hueguard Skin Tint SPF 50 Mineral Sunscreen Broad Spectrum,Live Tinted,42.00,42.00
Confidence in a Cream Anti-Aging Hydrating Moisturizer,IT Cosmetics,59.00,89.00
Moisturizing Gel Cream,BYOMA,9.99,15.99
Hydro Grip 12-Hour Hydrating Gel Skin Tint,MILK MAKEUP,36.00,36.00
Heartleaf Pore Control Cleansing Oil,ANUA,20.00,20.00
Glass Skin Ginseng Collagen Mask,PEACH & LILY,8.00,47.00
Double Serum Complete Age-Defying Concentrate,Clarins,95.00,185.00
Star Balm Lip Balm,STARFACE,6.99,6.99
Protini Polypeptide Firming Moisturizer,Drunk Elephant,69.00,99.00
Super Cuties Trial Kit,Bubble,30.00,30.00
D-Bronzi Anti-Pollution Bronzing Drops with Peptides,Drunk Elephant,39.00,39.00
Travel Size Glycolic Acid 7% Exfoliating Toner,The Ordinary,8.70,8.70
Ultra Facial Cream with Squalane,Kiehl's Since 1851,26.00,110.00
Pimple Patches,Good Molecules,8.00,8.00
Facial Radiance Pads with Glycolic + Lactic Acids,First Aid Beauty,38.00,48.00
Cicaplast Balm B5 Soothing Therapeutic Multi Purpose Cream,La Roche-Posay,18.99,18.99
Ultra Repair Cream,First Aid Beauty,38.00,60.00
Rise and Shine Brightening Kit,Bubble,34.00,34.00
COMPLEXION RESCUE Natural Matte Tinted Moisturizer Mineral SPF 30,bareMinerals,39.00,39.00
Squeeze Me Lip Balm,e.l.f. Cosmetics,4.00,4.00
Niacinamide 10 TXA 4 Serum,ANUA,22.00,22.00
Daily Microfoliant Exfoliator,Dermalogica,59.00,68.00
Bronzing Drops,e.l.f. Cosmetics,12.00,12.00
Tell All Lip Balm,Bubble,9.00,9.00
Acne Spot Dots,Peach Slices,4.99,8.99
Mini Glowscreen SPF 40 Sunscreen with Hyaluronic Acid + Niacinamide,Supergoop!,22.00,22.00
Golden Sunglaze Sheer Body Mist Sunscreen SPF 50,Kopari Beauty,39.00,39.00
SkinActive Micellar Cleansing Water All-in-1 Cleanser & Makeup Remover,Garnier,5.59,14.99
Glass Skin Refining Serum,PEACH & LILY,39.00,59.00
Heartleaf Quercetinol Pore Deep Cleansing Foam,ANUA,14.00,14.00
Squeeze Me More Lip Balm Duo,e.l.f. Cosmetics,8.00,8.00
The Water Cream Oil-Free Pore Minimizing Moisturizer,TATCHA,72.00,89.00
SkinActive Micellar Cleansing Water All-in-1 Waterproof Makeup Remover,Garnier,5.59,14.99
Self Tan Classic Bronzing Mousse,St. Tropez,34.00,44.00
Lightweight Daily Moisturizer,Good Molecules,12.00,12.00
Yerba Mate Wake Up Eye Gel,Good Molecules,6.00,6.00
Special Cleansing Gel,Dermalogica,45.00,69.00
Azelaic Acid 10 Hyaluron Redness Soothing Serum,ANUA,22.00,22.00
PLAY Everyday Lotion SPF 50 with Sunflower Extract PA++++,Supergoop!,36.00,68.00
Natural Moisturizing Factors + Hyaluronic Acid Daily Moisturizer,The Ordinary,6.70,14.00
AHA 30% + BHA 2% Exfoliating and Brightening Peeling Solution,The Ordinary,9.50,9.50
Azelaic Acid 10% Suspension Brightening Cream,The Ordinary,12.20,12.20
Caffeine 5% + EGCG Brightening Eye Serum,The Ordinary,9.20,9.20
Maracuja Vegan Juicy Lip Balm,Tarte,27.00,27.00
Hydrating Serum with Tri-Ceramide Complex,BYOMA,16.99,16.99
Soothing & Barrier Support Serum,The Ordinary,17.00,17.00
Hyaluronic Acid 2% + B5 Hydrating Serum with Ceramides,The Ordinary,9.90,31.50
Glycolic Acid 7% Exfoliating Toner,The Ordinary,13.00,13.00
COMPLEXION RESCUE Tinted Moisturizer with Hyaluronic Acid and Mineral SPF 30,bareMinerals,39.00,39.00
Toleriane Purifying Foaming Face Wash for Oily Skin,La Roche-Posay,14.99,19.99
Unseen Sunscreen SPF 50 Invisible Sun Protection for Face,Supergoop!,22.00,48.00
The Dewy Skin Cream Line-Plumping Moisturizer,TATCHA,72.00,89.00
Niacinamide 10% + Zinc 1% Brightening Serum,The Ordinary,6.00,19.60
Pout Preserve Hydrating Peptide Lip Treatment,OLEHENRIKSEN,22.00,22.00
Discoloration Correcting Serum,Good Molecules,12.00,25.00
Glowscreen SPF 40 Sunscreen with Hyaluronic Acid + Niacinamide,Supergoop!,38.00,38.00
Toleriane Hydrating Gentle Face Cleanser for Dry Skin,La Roche-Posay,14.99,19.99
Hyaluronic Acid Serum,Good Molecules,6.00,12.00
Self Tan Express Bronzing Mousse,St. Tropez,36.00,46.00
Slam Dunk Hydrating Moisturizer,Bubble,10.00,16.00
Hydrating Milky Toner,BYOMA,15.99,15.99
Niacinamide Brightening Toner,Good Molecules,6.00,14.00
Hueguard Skin Tint SPF 50 Mineral Sunscreen Broad Spectrum,Live Tinted,42.00,42.00
Confidence in a Cream Anti-Aging Hydrating Moisturizer,IT Cosmetics,59.00,89.00
Moisturizing Gel Cream,BYOMA,9.99,15.99
Hydro Grip 12-Hour Hydrating Gel Skin Tint,MILK MAKEUP,36.00,36.00
Heartleaf Pore Control Cleansing Oil,ANUA,20.00,20.00
Glass Skin Ginseng Collagen Mask,PEACH & LILY,8.00,47.00
Double Serum Complete Age-Defying Concentrate,Clarins,95.00,185.00
Star Balm Lip Balm,STARFACE,6.99,6.99
Protini Polypeptide Firming Moisturizer,Drunk Elephant,69.00,99.00
Super Cuties Trial Kit,Bubble,30.00,30.00
D-Bronzi Anti-Pollution Bronzing Drops with Peptides,Drunk Elephant,39.00,39.00
Travel Size Glycolic Acid 7% Exfoliating Toner,The Ordinary,8.70,8.70
Ultra Facial Cream with Squalane,Kiehl's Since 1851,26.00,110.00
Pimple Patches,Good Molecules,8.00,8.00
Facial Radiance Pads with Glycolic + Lactic Acids,First Aid Beauty,38.00,48.00
Cicaplast Balm B5 Soothing Therapeutic Multi Purpose Cream,La Roche-Posay,18.99,18.99
Ultra Repair Cream,First Aid Beauty,38.00,60.00
Rise and Shine Brightening Kit,Bubble,34.00,34.00
COMPLEXION RESCUE Natural Matte Tinted Moisturizer Mineral SPF 30,bareMinerals,39.00,39.00
Squeeze Me Lip Balm,e.l.f. Cosmetics,4.00,4.00
Niacinamide 10 TXA 4 Serum,ANUA,22.00,22.00
Daily Microfoliant Exfoliator,Dermalogica,59.00,68.00
Bronzing Drops,e.l.f. Cosmetics,12.00,12.00
Tell All Lip Balm,Bubble,9.00,9.00
Acne Spot Dots,Peach Slices,4.99,8.99
Mini Glowscreen SPF 40 Sunscreen with Hyaluronic Acid + Niacinamide,Supergoop!,22.00,22.00
Golden Sunglaze Sheer Body Mist Sunscreen SPF 50,Kopari Beauty,39.00,39.00
SkinActive Micellar Cleansing Water All-in-1 Cleanser & Makeup Remover,Garnier,5.59,14.99
Glass Skin Refining Serum,PEACH & LILY,39.00,59.00
Heartleaf Quercetinol Pore Deep Cleansing Foam,ANUA,14.00,14.00
Squeeze Me More Lip Balm Duo,e.l.f. Cosmetics,8.00,8.00
The Water Cream Oil-Free Pore Minimizing Moisturizer,TATCHA,72.00,89.00
SkinActive Micellar Cleansing Water All-in-1 Waterproof Makeup Remover,Garnier,5.59,14.99
Self Tan Classic Bronzing Mousse,St. Tropez,34.00,44.00
Lightweight Daily Moisturizer,Good Molecules,12.00,12.00
Yerba Mate Wake Up Eye Gel,Good Molecules,6.00,6.00
Special Cleansing Gel,Dermalogica,45.00,69.00
Azelaic Acid 10 Hyaluron Redness Soothing Serum,ANUA,22.00,22.00
PLAY Everyday Lotion SPF 50 with Sunflower Extract PA++++,Supergoop!,36.00,68.00
Natural Moisturizing Factors + Hyaluronic Acid Daily Moisturizer,The Ordinary,6.70,14.00
AHA 30% + BHA 2% Exfoliating and Brightening Peeling Solution,The Ordinary,9.50,9.50
Azelaic Acid 10% Suspension Brightening Cream,The Ordinary,12.20,12.20
Caffeine 5% + EGCG Brightening Eye Serum,The Ordinary,9.20,9.20
Maracuja Vegan Juicy Lip Balm,Tarte,27.00,27.00
Hydrating Serum with Tri-Ceramide Complex,BYOMA,16.99,16.99
Soothing & Barrier Support Serum,The Ordinary,17.00,17.00
Fat Oil Slick Click Vegan Lip Balm,NYX Professional Makeup,11.00,11.00
Salicylic Acid 2% Acne Serum,The Ordinary,6.70,6.70
Dynamic Skin Recovery Moisturizer SPF 50,Dermalogica,79.00,125.00
Caffeine Energizing Hydrogel Eye Patches,Good Molecules,18.00,18.00
Niacinamide Serum,Good Molecules,6.00,12.00
Going Places On-the-Go Essentials Kit,Bubble,36.00,36.00
Phyto-Glow Lip Balm,Naturium,9.99,9.99
Intensive Moisture Balance Moisturizer,Dermalogica,49.00,99.00
Cloud Surf Water Cream Moisturizer,Bubble,16.00,16.00
Ceramide Lip Blur Balm Hydrating & Smoothing Lip Treatment,cocokind,11.99,11.99
Debloat: Daily Digestive Gummies,Lemme,9.99,30.00
Effaclar Medicated Gel Cleanser for Acne Prone Skin,La Roche-Posay,12.99,18.99
Matcha Pudding Antioxidant Cream,PEACH & LILY,43.00,72.00
Cicalfate+ Restorative Protective Cream,AvÃ¨ne,26.00,40.00
Multi-Peptide + Copper Peptides 1% Serum For Aging Skin,The Ordinary,32.00,32.00
Mini Daily Microfoliant Exfoliator,Dermalogica,19.00,19.00
Mineral Mattescreen SPF 40,Supergoop!,24.00,40.00
Hydrating Facial Cleansing Gel,Good Molecules,12.00,12.00
Self Tan Purity Bronzing Water Face Mist,St. Tropez,33.00,33.00
Hydro-Star + Salicylic Acid,STARFACE,7.99,12.99
"Hydrating Facial Cleanser, Gentle Face Wash for Balanced to Dry Skin",CeraVe,15.99,19.99
Daily Facial Moisturizer with Hyaluronic Acid and Ceramides,VANICREAM,18.99,18.99
The Daily Essentials,Good Molecules,24.00,24.00
"PM Lotion Face Moisturizer, Oil-free Night Cream for All Skin Types",CeraVe,15.99,19.99
Hydro-Star Salicylic Acid Patches + Big Blue Compact,STARFACE,16.99,16.99
Sleep: Sleep Tight Gummies,Lemme,30.00,30.00
Protect + Glow Daily Sunscreen Gel Broad Spectrum SPF 30,TULA,38.00,58.00
Essential Drip Glossy Balm,r.e.m. beauty,19.00,19.00
Balancing Ultra-Fine Face Mist,BYOMA,14.99,14.99
Multi-Peptide + Hyaluronic Acid Serum For Aging Skin,The Ordinary,19.90,19.90
Phantom Volumizing Glossy Balm,HOURGLASS,38.00,38.00
Lipikar Wash AP+ Gentle Foaming Moisturizing Wash,La Roche-Posay,13.99,19.99
TL Advanced Tightening Neck Cream Plus,StriVectin,59.00,149.00
Sunglaze Sheer Setting Mist Sunscreen SPF 50,Kopari Beauty,34.00,34.00
Brightening & Dark Spots Bar,Good Molecules,8.00,8.00
Suntouchable Whoa Glow Broad Spectrum SPF 30 Sunscreen,e.l.f. Cosmetics,14.00,14.00
Squalane Cleanser For Dry Skin,The Ordinary,10.50,21.00
Salon Quality Self Tanning Foam,Bondi Sands,27.00,29.00
AM Lotion Face Moisturizer with SPF 50 for Balanced to Oily Skin,CeraVe,19.99,19.99
Skin Smoothing Cream Moisturizer,Dermalogica,49.00,99.00
Rice 70 Glow Milky Toner,ANUA,21.00,21.00
Beauty Balm Serum Boosted Skin Tint,Anastasia Beverly Hills,42.00,42.00
Moisturizing Rich Cream,BYOMA,16.99,16.99
Luxe Double Sided Applicator Self-Tan Mitt,St. Tropez,9.00,9.00
Fur Oil,Fur,28.00,55.00
Face + Body Self Tan Drops,Tanologist,21.99,21.99
Vitamin C Serum,Mad Hippie,17.99,33.99
Acne Control Cleanser for Face with 2% Salicylic Acid & Purifying Clay for Oily Skin,CeraVe,18.99,20.99
The Acne Set 2.0: 3-Step Regimen,The Ordinary,15.80,15.80
B-Hydra Intensive Hydration Serum,Drunk Elephant,50.00,50.00
Squalane + Amino Acids Hydrating Lip Balm,The Ordinary,9.50,9.50
Lala Retro Whipped Cream Moisturizer with Ceramides,Drunk Elephant,64.00,64.00
Heartleaf 77 Soothing Toner,ANUA,21.00,21.00
Power Calm Hydrating Gel Cleanser,PEACH & LILY,29.00,49.00
Hydrating Cream-to-Foam Face Wash for Balanced to Dry Skin,CeraVe,15.99,19.99
Self Tan SuprÃªme Violet Bronzing Mousse,St. Tropez,48.00,48.00
Sheer Mineral Sunscreen SPF 30,Good Molecules,12.00,12.00
AM Lotion Face Moisturizer with SPF 30 for Balanced to Oily Skin,CeraVe,15.99,19.99
Anthelios Ultra Light Fluid Face Sunscreen SPF 60,La Roche-Posay,33.99,33.99
Precleanse Cleansing Oil,Dermalogica,49.00,77.00
Biolumin-C Vitamin C Serum,Dermalogica,97.00,149.00
Sunglaze Sheer Body Mist Sunscreen SPF 42,Kopari Beauty,39.00,39.00
Rio Radiance SPF 50 Body Spray,Sol de Janeiro,20.00,32.00
Lipikar AP+ Gentle Foaming Cleansing Oil,La Roche-Posay,19.99,19.99
Pure Skin Face Cleanser,First Aid Beauty,24.00,34.00
Effaclar Purifying Foaming Gel Cleanser for Oily Skin,La Roche-Posay,16.99,22.99
Effaclar Face Serum with Salicylic Acid,La Roche-Posay,42.99,42.99
Banana Bright+ Vitamin C Eye CrÃ¨me for Dark Circles,OLEHENRIKSEN,45.00,45.00
Vitamin C Complex Serum,Naturium,20.99,20.99
Multi-Peptide Anti-Aging Eye Serum,The Ordinary,25.00,25.00
Brazilian Kiss CupuaÃ§u Lip Butter,Sol de Janeiro,18.00,18.00
Fresh Start Gel Cleanser,Bubble,10.00,17.00
Retinal 0.2% Emulsion,The Ordinary,14.90,14.90
Saccharomyces Ferment 30% Milky Toner,The Ordinary,14.00,14.00
Moisturizing Sunscreen Lotion SPF 30,Black Girl Sunscreen,15.99,15.99
The Kissu Hydrating & Plumping Lip Mask,TATCHA,29.00,29.00
Blemish Scar & Discoloration Duo,Good Molecules,26.00,26.00
Confidence in an Eye Cream Anti-Aging Peptide Eye Cream,IT Cosmetics,47.50,68.00
Milky Moisture Hydrating Duo,BYOMA,19.99,19.99
Phyto Mucin Glow Serum,BYOMA,16.99,16.99
Hydro Boost Hyaluronic Acid Water Gel Moisturizer,Neutrogena,29.99,29.99
Creamy Eye Treatment with Avocado,Kiehl's Since 1851,38.00,62.00
Ultra-Lightweight Face Fluid SPF 50,BYOMA,19.99,19.99
Nose Pore Patches,Peach Slices,9.99,9.99
Peptide Pro Firming Moisturizer,PEACH & LILY,45.00,45.00
Vitamin C Serum with Oryzanol,Good Molecules,14.00,14.00
Burn: Metabolism & Fat-Burning Capsules,Lemme,40.00,40.00
Pineapple Exfoliating Powder,Good Molecules,16.00,16.00
Glucoside Foaming Facial Cleanser,The Ordinary,12.50,12.50
"Moisturizing Cream, Body & Face Moisturizer for Balanced to Dry Skin",CeraVe,17.99,19.99
Polite Pout Glossy Lip Balm,Polite Society,21.00,21.00
Natural Moisturizing Factors + PhytoCeramides Rich Moisturizer,The Ordinary,22.50,22.50
Technocolor 1 Hour Express Self Tanning Foam,Bondi Sands,30.00,30.00
Good Genes All-In-One Lactic Acid Treatment Serum,SUNDAY RILEY,85.00,122.00
Active Moist Moisturizer,Dermalogica,49.00,99.00
Skincare Oil for Scars and Stretch Marks,Bio-Oil,14.99,34.99
100% Organic Cold-Pressed Rose Hip Seed Oil for Aging Skin,The Ordinary,10.90,10.90
The Rice Wash Skin-Softening Cleanser,TATCHA,40.00,40.00
Lip + Cheek Cream Blush Stick and Lip Color,MILK MAKEUP,24.00,24.00
Ginger Melt Oil Cleanser,PEACH & LILY,35.00,59.00
Classic Whip SPF 30 Sunscreen Mousse,Vacation,22.00,22.00
Brightening Toner with Lactic Acid,BYOMA,15.99,15.99
Aloe 2% + NAG 2% Solution Serum,The Ordinary,14.50,14.50
Holy Hydration! Makeup Melting Cleansing Balm,e.l.f. Cosmetics,11.00,19.00
De-puff and Brightening Eye Gel,BYOMA,13.99,13.99
The Base Face Milk Facial Essence + Lightweight Moisturizer,ILIA,58.00,58.00
Super Rich Repair Moisturizer,Dermalogica,95.00,147.00
Balancing & Clarifying Serum for Blemish Prone Skin,The Ordinary,19.90,19.90
Retinol 0.5% in Squalane Serum,The Ordinary,8.60,8.60
Bounce Back Balancing Toner Mist,Bubble,13.00,13.00
Golden Amber Sun Shield Body Glow Sunscreen SPF 30,Kopari Beauty,42.00,42.00
Hydromaniac Hydrating Dewy Foundation,Urban Decay Cosmetics,35.00,35.00
Thermal Spring Water,AvÃ¨ne,14.00,19.00
Makeup Remover Cleansing Towelettes Fragrance Free,Neutrogena,7.99,7.99
C-Firma Fresh Vitamin-C Day Serum,Drunk Elephant,79.00,79.00
Effaclar Adapalene Gel 0.1% Topical Retinoid Acne Treatment,La Roche-Posay,36.99,36.99
Shimmer Oil SPF 30 Sunscreen,Vacation,38.00,38.00
SkinActive Micellar Replumping Hyaluronic Acid Micellar Water,Garnier,5.59,14.99
Stabilizing Repair Cream,Dermalogica,66.00,99.00
Mini The Dewy Skin Cream Line-Plumping Moisturizer,TATCHA,25.00,25.00
Liptide Lip Mask with Peptides,BYOMA,11.99,11.99
SkinActive Micellar Cleansing Water with Vitamin C,Garnier,5.59,14.99
Gentle Facial Cleanser for Sensitive Skin,VANICREAM,12.99,12.99
Daily Brightening Serum,Good Molecules,8.00,8.00
SkinActive Micellar Cleansing Water with Rose Water,Garnier,11.99,14.99
Azelaic Topical Acid 10%,Naturium,19.99,19.99
Solar Mate Daily Mineral SPF 40,Bubble,19.00,19.00
Indigo Overnight Repair Redness Reducing Barrier Cream,TATCHA,92.00,92.00
C.E.O. Glow Vitamin C and Turmeric Face Oil,SUNDAY RILEY,40.00,80.00
Skin Treat Poreless Tinted Moisturizer SPF 20,Tarte,36.00,36.00
"Glow: Hair, Skin & Nails Gummies",Lemme,30.00,30.00
Creamy Jelly Cleanser,BYOMA,13.99,13.99
Alpha Arbutin 2% + HA Hyperpigmentation Serum,The Ordinary,11.50,11.50
"Hueguard 3-in-1 Mineral Sunscreen, Moisturizer, Primer SPF 30",Live Tinted,34.00,68.00
"Makeup Remover Cleansing Towelettes, Twin Pack",Neutrogena,13.99,13.99
Barrier + Repair Treatment,BYOMA,18.99,18.99
Natural Moisturizing Factors + Beta Glucan Gel Moisturizer,The Ordinary,13.50,13.50
Deep Blemish Microdarts,Peach Slices,8.99,8.99
Ocean Eyes Age-Defying Eye Serum,OSEA,58.00,58.00
Hueguard Glotion Mineral Sunscreen Broad Spectrum SPF 50,Live Tinted,36.00,36.00
Ultra-Lightweight Face Fluid SPF 30,BYOMA,19.99,19.99
SD Advanced PLUS Intensive Moisturizer,StriVectin,82.00,139.00
Milky Moisture Cleanser,BYOMA,13.99,13.99
Hydrating Recovery Oil,BYOMA,18.99,18.99
Travel Size Toleriane Hydrating Gentle Face Cleanser for Dry Skin,La Roche-Posay,8.99,8.99
Pro-Collagen Marine Cream SPF 30,ELEMIS,140.00,140.00
Instant Cleansing Balm,Good Molecules,15.00,15.00
Argireline 10% Serum for Facial Wrinkles,The Ordinary,9.70,9.70
Dew-Glow Tinted Moisturizer SPF 50+,Naturium,22.99,22.99
Suntouchable Invisible Sunscreen SPF 35,e.l.f. Cosmetics,14.00,14.00
Streak Free Self Tanning Mousse,Bali Body,32.00,33.00
4-in-1 Tinted Moisturizer Broad Spectrum SPF 20,PÃR,36.00,36.00
Brightening Serum for Dark Spots + Texture,BYOMA,16.99,16.99
Self Tan Express Mini Kit,St. Tropez,20.00,20.00
Gradual Tan Classic Daily Firming Lotion,St. Tropez,29.00,29.00
Travel Size Lightweight Daily Moisturizer,Good Molecules,6.00,6.00
Anthelios UV Hydra Sunscreen SPF 50 with Hyaluronic Acid,La Roche-Posay,39.99,39.99
Cherry Macaron Self Tan and Body Mist Set,St. Tropez,45.00,45.00
Microdelivery Exfoliating Daily Facial Wash,Philosophy,30.00,46.00
Travel Size Toleriane Purifying Foaming Face Wash for Oily Skin,La Roche-Posay,8.99,8.99
Heartleaf 77 Clear Pad,ANUA,22.00,22.00
B-Goldi Bright Drops with Niacinamide,Drunk Elephant,39.00,39.00
Day Dream Vitamin C + Niacinamide Tone & Texture Serum,Bubble,17.00,17.00
Hydro Boost Facial Cleansing Wipes,Neutrogena,9.99,9.99
Virgin Marula Luxury Facial Oil,Drunk Elephant,39.00,69.00
Super Peptide Serum,Good Molecules,12.00,12.00
Rose Gold Sun Shield Body Glow Gel SPF 45,Kopari Beauty,42.00,42.00
Discoloration Correcting Body Treatment,Good Molecules,15.00,15.00
Travel Size The Solution,Magic Molecule,16.00,16.00
Holy Hydration! Face Cream SPF 30,e.l.f. Cosmetics,13.00,13.00
Pro-Collagen Banking Serum,Dermalogica,89.00,89.00
Soft Launch Hydrating Cream Cleanser,Bubble,17.00,17.00
PLAY Antioxidant Body Mist SPF 50 Sunscreen with Vitamin C,Supergoop!,18.00,24.00
Lip Butter,KYLIE COSMETICS,20.00,20.00
GinZing Refreshing Eye Cream,Origins,39.00,39.00
Hope In A Jar Smooth-Glow Multi-Tasking Moisturizer,Philosophy,49.00,72.00
Glass Skin Water-Gel Moisturizer,PEACH & LILY,43.00,43.00
Revitalizing Eye Cream,cocokind,18.99,18.99
100% Plant-Derived Squalane Skin and Hair Hydrator Serum,The Ordinary,10.40,10.40
Hydro Boost Hyaluronic Acid Water Cream - Fragrance Free,Neutrogena,31.99,31.99
Level Up Balancing Moisturizer,Bubble,16.00,16.00
